Name,Season,Team,Team Wins,Team Win Percentage,Position,MIN,PTS,FG_PCT,FG3_PCT,FT_PCT,REB,AST,STL,BLK,TOV,PER,OFFRTG,DEFRTG,NETRTG,AST_PCT,AST_TO_TO,AST_RATIO,TO_RATIO,EFG,TS,USG_RATE,WIN_SHARE,Team_Valuation,Team_Home_Attendance_Percentage,Salary(millions),PTS_WON,MAX,PTS_WON2
James Harden,2018,HOU,65,0.792,G,35.4,30.4,0.449,0.367,0.858,5.4,8.8,1.8,0.7,4.4,29.87,115.8,105.7,10.1,44.9,2,23.4,11.7,54.1,61.9,35.1,15.4,2300,99.2,30.5,965,1010,0.955
LeBron James,2018,CLE,50,0.609,F,36.9,27.5,0.542,0.367,0.731,8.6,9.1,1.4,0.9,4.2,28.65,113.1,111.5,1.6,43.2,2.15,25.8,12,59,62.1,30.8,14,1300,100,35.8,738,1010,0.73
Anthony Davis,2018,NOP,48,0.585,F,36.4,28.1,0.534,0.34,0.828,11.1,2.3,1.5,2.6,2.2,28.98,108.9,103.6,5.3,10.4,1.07,8.5,7.9,55.2,61.2,29,13.7,1200,95.6,25.5,445,1010,0.44
Damian Lillard,2018,POR,49,0.597,G,36.6,26.9,0.439,0.361,0.916,4.5,6.6,1.1,0.4,2.8,25.19,110.1,104,6.2,30.1,2.33,20.8,8.9,51.9,59.4,29.3,12.6,1600,99.8,27.9,207,1010,0.204
Russell Westbrook,2018,OKC,48,0.585,G,36.4,25.4,0.449,0.298,0.737,10.1,10.3,1.8,0.3,4.8,24.8,111.7,105.3,6.4,46.4,2.15,26.3,12.2,47.7,52.4,32.5,10.1,1500,100,35.6,76,1010,0.075
Giannis Antetokounmpo,2018,MIL,44,0.536,F,36.7,26.9,0.529,0.307,0.76,10,4.8,1.5,1.4,3,27.37,108.7,105.7,3.1,23.7,1.62,15.9,9.8,54.5,59.8,30.6,11.9,1400,89.3,24.1,75,1010,0.074
Kevin Durant,2018,GSW,58,0.707,F,34.2,26.4,0.516,0.419,0.889,6.8,5.4,0.7,1.8,3,26.05,115.4,108.4,7,24.3,1.77,18.7,10.6,58.6,64,29.2,10.4,3500,100,30,66,1010,0.065
DeMar DeRozan,2018,TOR,59,0.719,G,33.9,23,0.456,0.31,0.825,3.9,5.2,1.1,0.3,2.2,21.1,113.7,106,7.7,24.5,2.38,18.7,7.8,48.8,55.5,28.5,9.6,1700,100.2,27.7,32,1010,0.031
LaMarcus Aldridge,2018,SAS,47,0.573,F,33.5,23.1,0.51,0.293,0.837,8.5,2,0.6,1.2,1.5,25.12,107.8,102.6,5.2,11.1,1.37,8.6,6.3,52,57,28.6,10.9,1625,99,22.3,6,1010,0.005
Jimmy Butler,2018,MIN,47,0.573,G,36.7,22.2,0.474,0.35,0.854,5.3,4.9,2,0.4,1.8,23.7,114,105.6,8.4,20.4,2.67,19.3,7.2,51.2,59,24.3,8.9,1300,89.9,20.4,5,1010,0.004
Stephen Curry,2018,GSW,58,0.707,G,32,26.4,0.495,0.423,0.921,5.1,6.1,1.6,0.2,3,28.32,120.1,106.9,13.2,27.2,2.03,21.4,10.6,61.8,67.5,28.9,9.1,3500,100,37.5,5,1010,0.004
Joel Embiid,2018,PHI,52,0.634,C,30.3,22.9,0.483,0.308,0.769,11,3.2,0.6,1.8,3.7,22.95,109.1,96.8,12.3,18.2,0.85,11.7,13.8,51.4,57.3,32.6,6.2,1700,100,25.4,4,1010,0.003
Victor Oladipo,2018,IND,48,0.585,G,34,23.1,0.477,0.371,0.799,5.2,4.3,2.4,0.8,2.9,23.12,109.4,103.4,6,20.9,1.47,15.8,10.7,53.7,57.7,29.4,8.2,1400,88.4,21,2,1010,0.001
Russell Westbrook,2017,OKC,47,0.573,,34.6,31.6,0.425,0.343,0.845,10.7,10.4,1.6,0.4,5.4,30.7,110,105.4,4.7,54.3,1.92,23.5,12.3,47.6,55.4,40,13.1,1250,100,28.53,888,1010,0.879
James Harden,2017,HOU,55,0.67,,36.4,29.1,0.44,0.347,0.847,8.1,11.2,1.5,0.5,5.7,27.43,115.4,108.5,6.9,50.5,1.95,27.9,14.3,52.5,61.3,33.3,15,2200,94.1,28.2,753,1010,0.745
Kawhi Leonard,2017,SAS,61,0.743,,33.4,25.5,0.485,0.38,0.88,5.8,3.5,1.8,0.7,2.1,27.62,113.1,104.3,8.8,18.2,1.69,13.3,7.9,54.1,61,30.5,13.6,1550,99.2,18.8,500,1010,0.495
LeBron James,2017,CLE,51,0.621,,37.8,26.4,0.548,0.363,0.674,8.6,8.7,1.2,0.6,4.1,27.11,115.9,107.8,8.1,38.8,2.13,25.7,12.1,59.4,61.9,29,12.9,1325,100,33.3,333,1010,0.329
Isaiah Thomas,2017,BOS,53,0.646,,33.8,28.9,0.463,0.379,0.909,2.7,5.9,0.9,0.2,2.8,26.59,114.6,109.5,5.1,30.5,2.13,18.7,8.7,54.6,62.5,33.1,12.5,2500,99.6,6.261,81,1010,0.08
Stephen Curry,2017,GSW,67,0.817,,33.4,25.3,0.468,0.411,0.898,4.5,6.6,1.8,0.2,3,24.74,119.8,102.1,17.7,28.7,2.19,22.4,10.2,58,62.4,28.6,12.6,3100,100,37.4,52,1010,0.051
Giannis Antetokounmpo,2017,MIL,42,0.512,,35.6,22.9,0.521,0.272,0.77,8.8,5.4,1.6,1.9,2.9,26.13,108,107,1,26.9,1.85,19.7,10.6,54.1,59.9,27.9,12.4,1075,84.6,24.1,7,1010,0.006
John Wall,2017,WAS,49,0.597,,36.4,23.1,0.451,0.327,0.801,4.2,10.7,2,0.6,4.1,23.28,112.5,108.4,4.1,45,2.58,29.5,11.4,48.2,54.1,29.8,8.8,1350,83.8,19.1,7,1010,0.006
Anthony Davis,2017,NOP,34,0.414,,36.1,28,0.505,0.299,0.802,11.8,2.1,1.3,2.2,2.4,27.59,104.9,103.6,1.3,11,0.87,7.4,8.5,51.8,58,32,11,1000,94.1,23.7,2,1010,0.001
Kevin Durant,2017,GSW,67,0.817,,33.4,25.1,0.537,0.375,0.875,8.3,4.8,1.1,1.6,2.2,27.68,117.1,101.4,15.7,21.8,2.17,18.5,8.5,59.4,65.1,26.9,12,3100,100,26.54,2,1010,0.001
DeMar DeRozan,2017,TOR,51,0.621,,35.4,27.3,0.467,0.266,0.842,5.2,3.9,1.1,0.2,2.4,24.09,111,108.4,2.6,20.4,1.61,12.6,7.8,47.7,55.2,33.6,9,1400,100.2,27.7,1,1010,0
Stephen Curry,2016,GSW,73,0.89,G,34.2,30.1,0.504,0.454,0.908,5.4,6.7,2.1,0.2,3,31.5,117.2,99.4,17.7,31.5,2.01,20.7,10.3,63,66.9,31.3,17.9,2600,100,12.1,1310,1310,1
Kawhi Leonard,2016,SAS,67,0.817,F,33.1,21.2,0.506,0.443,0.874,6.8,2.6,1.8,1,1.5,26,109.2,95.4,13.8,12.8,1.77,12.3,6.9,56.5,61.6,25.1,13.7,1200,99.3,17.6,643,1310,0.49
LeBron James,2016,CLE,57,0.695,F,35.6,25.3,0.52,0.309,0.731,7.4,6.8,1.4,0.6,3.3,27.5,113.5,102,11.5,33.9,2.06,21.6,10.5,55.1,58.8,30.4,13.6,1200,100,30.9,631,1310,0.481
Russell Westbrook,2016,OKC,55,0.67,G,34.4,23.5,0.454,0.296,0.812,7.8,10.4,2,0.3,4.3,27.6,114.4,102.9,11.5,46.8,2.44,29,11.9,48.9,55.4,31,14,1000,100,22.615,486,1310,0.37
Kevin Durant,2016,OKC,55,0.67,F,35.8,28.2,0.505,0.387,0.898,8.2,5,1,1.2,3.5,28.2,114.1,102.3,11.9,23,1.44,16.4,11.4,57.3,63.4,29.7,14.5,1000,100,26.5,147,1310,0.112
Chris Paul,2016,LAC,53,0.646,G,32.7,19.5,0.462,0.371,0.896,4.2,10,2.1,0.2,2.6,26.2,111.8,100.7,11.1,49.3,3.8,33.8,8.9,51.7,57.5,26.4,12.7,2000,100.7,22.8,107,1310,0.081
Draymond Green,2016,GSW,73,0.89,F,34.7,14,0.49,0.388,0.696,9.5,7.4,1.5,1.4,3.2,19.3,116.6,98.6,18,27.7,2.31,32.8,14.2,55.1,58.7,18.4,11.1,2600,100,15.3,50,1310,0.038
Damian Lillard,2016,POR,44,0.536,G,35.7,25.1,0.419,0.375,0.892,4,6.8,0.9,0.4,3.2,22.2,109.1,107.4,1.7,33,2.12,21.2,10,49.7,56,30.3,9.2,1100,99.6,24.3,26,1310,0.019
James Harden,2016,HOU,41,0.5,G,38.1,29,0.439,0.359,0.86,6.1,7.5,1.7,0.6,4.6,25.3,108.2,106.4,1.7,35.4,1.64,20.7,12.7,51.2,59.8,31.8,13.3,1700,99.7,15.71,9,1310,0.006
Kyle Lowry,2016,TOR,56,0.682,G,37,21.2,0.427,0.388,0.811,4.7,6.4,2.1,0.4,2.9,22.2,110.6,104,6.6,29.3,2.2,23.2,10.6,51.6,57.8,25.6,11.6,1100,100.1,12,6,1310,0.004
Stephen Curry,2015,GSW,67,0.817,PG,32.7,23.8,0.487,0.443,0.914,4.3,7.7,2,0.2,3.1,28.06,114.6,98.2,16.4,35.8,2.49,26.4,10.6,59.4,63.8,27.7,15.7,1900,100,11.3,1198,1300,0.921
James Harden,2015,HOU,56,0.682,PG,36.8,27.4,0.44,0.375,0.868,5.7,7,1.9,0.7,4,26.76,108.9,103.1,5.9,34,1.76,20.8,11.8,51.1,60.5,30.8,16.4,1500,101,15.7,936,1300,0.72
LeBron James,2015,CLE,53,0.646,SF,36.1,25.3,0.488,0.354,0.71,6,7.4,1.6,0.7,3.9,26.01,113.1,102.2,11,36.6,1.88,22.4,11.9,53.5,57.7,31.6,10.4,1100,100,22.9,552,1300,0.424
Russell Westbrook,2015,OKC,45,0.548,,34.4,28.1,0.426,0.299,0.835,7.3,8.6,2.1,0.2,4.4,29.12,110.5,105.6,4.9,43,1.96,21.9,11.2,45.5,53.6,36.6,10.6,950,100,16.7,352,1300,0.27
Anthony Davis,2015,NOP,45,0.548,,36.1,24.4,0.535,0.083,0.805,10.2,2.2,1.5,2.9,1.4,30.89,109.6,103.3,6.3,10.9,1.57,9.1,7.2,53.6,59.1,27.1,14,750,97,7,203,1300,0.156
Chris Paul,2015,LAC,56,0.682,,34.8,19.1,0.485,0.398,0.9,4.6,10.2,1.9,0.2,2.3,26.04,116.2,103.4,12.8,44.1,4.41,35.8,8.1,54.5,59.6,23.1,16.1,2000,100.6,21.4,124,1300,0.095
LaMarcus Aldridge,2015,POR,51,0.621,,35.4,23.4,0.466,0.352,0.845,10.2,1.7,0.7,1,1.7,22.85,109.7,103,6.7,8.9,1.02,6.8,14,47.9,52.8,29.7,8.6,975,94,19.6,6,1300,0.004
Marc Gasol,2015,MEM,55,0.67,,33.2,17.4,0.494,0.176,0.795,7.8,3.8,0.9,1.6,2.2,21.73,106.1,102,4.2,19.3,1.74,17.6,10.1,49.6,55.8,24.4,10.2,780,95.6,19.6,3,1300,0.002
Blake Griffin,2015,LAC,56,0.682,,35.2,21.9,0.502,0.4,0.728,7.6,5.3,0.9,0.5,2.3,22.86,116.7,104.1,12.6,24.6,2.33,19.3,8.3,50.6,55.1,27.7,9,2000,100.6,18.9,3,1300,0.002
Tim Duncan,2015,SAS,55,0.67,,28.9,13.9,0.512,0.286,0.74,9.1,3,0.8,2,1.7,22.69,106.2,99.3,6.9,16.6,1.76,17.4,9.9,51.3,56,21.9,9.6,1200,100.1,5.2,1,1300,0
Kawhi Leonard,2015,SAS,55,0.67,,31.8,16.5,0.479,0.349,0.802,7.2,2.5,2.3,0.8,1.5,22.09,109,97.6,11.4,12.4,1.66,13.5,8.1,52,56.7,22.6,8.6,1200,100.1,16.4,1,1300,0
Klay Thompson,2015,GSW,67,0.817,,31.9,21.7,0.463,0.439,0.879,3.2,2.9,1.1,0.8,1.9,20.86,113.8,98.4,15.3,13.7,1.49,12.5,8.4,55.5,59.1,27.1,8.8,1900,100,15.5,1,1300,0
Kevin Durant,2014,OKC,59,0.719,,38.5,32,0.503,0.391,0.873,7.4,5.5,1.3,0.7,3.5,29.9,111.1,102.9,8.2,25.9,1.56,16.2,10.3,56,63.5,32.1,19.2,930,100,18.9,1232,1250,0.985
LeBron James,2014,MIA,54,0.658,,37.7,27.1,0.567,0.379,0.75,6.9,6.3,1.6,0.3,3.5,29.4,111.9,104.7,7.2,31.1,1.81,20.7,11.5,61,64.9,30.3,15.9,1200,100.9,20.6,891,1250,0.712
Blake Griffin,2014,LAC,57,0.695,,35.8,24.1,0.528,0.273,0.715,9.5,3.9,1.2,0.6,2.8,23.98,112.6,102.5,10.1,18.5,1.38,14.2,10.3,53.3,58.3,28.5,12.2,1600,100.8,17.6,434,1250,0.347
Joakim Noah,2014,CHI,48,0.585,,35.3,12.6,0.475,0,0.737,11.3,5.4,1.2,1.5,2.4,20.06,103.2,98.5,4.7,25.8,2.22,27.3,12.3,47.5,53.1,18.8,11.2,2000,103.8,12.7,322,1250,0.257
James Harden,2014,HOU,54,0.658,,38,25.4,0.456,0.366,0.866,4.7,6.1,1.6,0.4,3.6,23.51,111.9,104.5,7.4,26.6,1.68,20.3,12.1,52.9,61.8,27,12.8,1300,100.4,14.7,85,1250,0.068
Stephen Curry,2014,GSW,51,0.621,,36.5,24,0.471,0.424,0.885,4.3,8.5,1.6,0.2,3.8,24.13,110.3,100.4,9.9,37.2,2.27,26.9,11.9,56.6,61,27.5,13.4,1300,100,10.6,66,1250,0.052
Chris Paul,2014,LAC,57,0.695,,35,19.1,0.467,0.368,0.855,4.3,10.7,2.5,0.1,2.3,25.98,112.9,101.2,11.7,45.9,4.57,36.4,8,51.1,58,22.9,12.2,1600,100.8,20,45,1250,0.036
Al Jefferson,2014,CHA,43,0.524,,35,21.8,0.509,0.2,0.69,10.8,2.1,0.9,1.1,1.7,22.75,103.2,102.7,0.5,12.2,1.25,8.7,7,51,53.2,29.1,7.8,,81.3,13.5,34,1250,0.027
Paul George,2014,IND,56,0.682,,36.2,21.7,0.424,0.364,0.864,6.8,3.5,1.9,0.3,2.8,20.16,104.3,97.6,6.7,17.7,1.26,13.7,10.9,49,55.5,27.7,10.8,,96.3,15.9,33,1250,0.026
LaMarcus Aldridge,2014,POR,54,0.658,,36.2,23.2,0.458,0.2,0.822,11.1,2.6,0.9,1,1.8,21.84,111.5,104.2,7.4,12.8,1.45,9.4,6.5,45.9,50.7,29.5,7.5,,95,16,26,1250,0.02
Kevin Love,2014,MIN,40,0.487,,36.3,26.1,0.457,0.376,0.821,12.5,4.4,0.8,0.5,2.5,26.97,110.7,102.7,8,10.4,1.38,12.1,8.8,50.9,56.2,21.4,14.3,625,75.2,15.7,25,1250,0.02
Tim Duncan,2014,SAS,62,0.756,,29.2,15.1,0.49,0,0.731,9.7,3,0.6,1.9,2.1,21.4,107.7,100.7,7,15.9,1.38,15.4,11.2,49,53.5,25,7.4,1000,99.1,10.3,21,1250,0.016
Tony Parker,2014,SAS,62,0.756,,29.4,16.7,0.499,0.373,0.811,2.3,5.7,0.5,0.1,2.2,19,107.8,100.7,7.1,31,2.57,24.9,9.7,51.3,55.5,26.2,5.9,1000,99.1,12.5,21,1250,0.016
Dirk Nowitzki,2014,DAL,49,0.597,,32.9,21.7,0.497,0.398,0.899,6.2,2.7,0.9,0.6,1.5,23.68,108.4,102.4,6,14,1.85,12.4,6.7,54.9,60.3,25.8,10.9,,103.9,7.9,7,1250,0.005
Carmelo Anthony,2014,NYK,37,0.451,,38.7,27.4,0.452,0.402,0.848,8.1,3.1,1.2,0.7,2.6,24.5,108.3,106.7,1.6,15.6,1.22,10.5,8.6,50.3,56.1,31.8,10.7,,100,22.4,4,1250,0.003
Goran Dragic,2014,PHO,48,0.585,,35.1,20.3,0.505,0.408,0.76,3.2,5.9,1.4,0.3,2.3,21.43,110.6,104.9,5.7,27.4,2.1,23.2,11,56.1,60.4,24,10.3,,86.2,7.5,3,1250,0.002
Mike Conley,2014,MEM,50,0.609,,33.5,17.2,0.45,0.361,0.815,2.9,6,1.5,0.2,2.1,20.07,106.8,103.6,3.2,29.3,2.94,25.8,8.6,50,54.5,23.9,8.2,750,92.3,8.6,1,1250,0
LeBron James,2013,MIA,66,0.804,F,37.9,26.8,0.565,0.406,0.753,8,7.3,1.7,0.9,3,31.67,114.1,101.6,12.4,34.4,2.44,23.3,9.6,60.3,64,29.3,19.3,770,102,19,1207,1210,0.997
Kevin Durant,2013,OKC,60,0.731,F,38.5,28.1,0.51,0.416,0.905,7.9,4.6,1.4,1.3,3.5,28.35,112.9,100.6,12.4,21.3,1.34,15.5,11.6,55.9,64.7,29.5,18.9,590,100,17.8,765,1210,0.632
Carmelo Anthony,2013,NYK,54,0.658,F,37,28.7,0.449,0.379,0.83,6.9,2.6,0.8,0.5,2.6,24.83,111.8,105.2,6.6,13.7,0.98,8.3,8.5,50.2,56,34.8,9.5,,96.3,21.3,475,1210,0.392
Chris Paul,2013,LAC,56,0.682,G,33.4,16.9,0.481,0.328,0.885,3.7,9.7,2.4,0.1,2.3,26.43,113.9,104.1,9.9,44.3,4.26,37,8.7,52.6,59.4,22.2,13.9,575,100.9,18.6,289,1210,0.238
Kobe Bryant,2013,LAL,45,0.548,G,38.6,27.3,0.463,0.324,0.839,5.6,6,1.4,0.3,3.7,23.1,108.3,106.3,2,28.6,1.63,17.9,10.9,50.4,57,31.3,10.9,,99.7,30.4,184,1210,0.152
Tony Parker,2013,SAS,58,0.707,G,32.9,20.3,0.522,0.353,0.845,3,7.6,0.8,0.1,2.6,23.1,108.1,97.9,10.2,39.6,2.94,27.6,9.4,53.4,58.8,27.4,9.3,660,99.2,12.5,86,1210,0.071
Tim Duncan,2013,SAS,58,0.707,F,30.1,17.8,0.502,0.286,0.817,9.9,2.7,0.7,2.7,2.1,24.45,107.6,96.9,10.6,15.1,1.25,12.8,10.2,50.3,55.4,27.4,8.3,660,99.2,10.3,65,1210,0.053
James Harden,2013,HOU,45,0.548,G,38.3,25.9,0.438,0.368,0.851,4.9,5.8,1.8,0.5,3.8,23,108.6,105.5,3.1,25.7,1.54,18.7,12.2,50.4,60,28.5,12.8,775,92.4,13.7,33,1210,0.027
Russell Westbrook,2013,OKC,60,0.731,G,34.9,23.2,0.438,0.323,0.8,5.2,7.4,1.8,0.3,3.3,23.98,112,100.7,11.3,37.2,2.22,22.7,10.2,47,53.2,32.1,11.6,590,100,14.6,9,1210,0.007
Dwyane Wade,2013,MIA,66,0.804,G,34.7,21.2,0.521,0.258,0.725,5,5.1,1.9,0.8,2.8,24.04,112.7,100.5,12.2,24.8,1.81,19.3,10.6,52.8,57.1,28.6,9.6,770,102,18.6,5,1210,0.004
Stephen Curry,2013,GSW,47,0.573,G,38.2,22.9,0.451,0.453,0.9,4,6.9,1.6,0.2,3.1,21.34,106.7,104,2.7,29.8,2.25,23.6,10.5,54.9,58.9,25.6,11.2,750,98.9,9.8,3,1210,0.002
Kevin Garnett,2013,BOS,41,0.5,F,29.7,14.8,0.496,0.125,0.786,7.8,2.3,1.1,0.9,1.6,19.25,98,95.4,2.6,14.7,1.45,13.2,9.1,49.8,53.5,24.3,5.6,,100,14,1,1210,0
Marc Gasol,2013,MEM,56,0.682,C,35,14.1,0.494,0.071,0.848,7.8,4,1,1.7,2,19.57,104.3,95.5,8.8,19,2.03,21.4,10.5,49.4,55.9,19.2,11.5,453,91.8,14.8,1,1210,0
Ty Lawson,2013,DEN,57,0.695,G,34.4,16.7,0.461,0.366,0.756,2.7,6.9,1.5,0.1,2.5,17.96,109.6,104.2,5.4,29.5,2.75,27.9,10.1,50.5,54.9,21.8,7.4,,93,10.7,1,1210,0
David Lee,2013,GSW,47,0.573,F,36.8,18.5,0.519,0,0.797,11.2,3.5,0.8,0.3,2.6,19.23,106.6,103.4,3.2,15.8,1.35,15.6,11.6,51.9,56.1,22.9,9.1,750,98.9,13.8,1,1210,0
Joakim Noah,2013,CHI,45,0.548,C,36.8,11.9,0.481,0,0.751,11.1,4,1.2,2.1,2.7,18.16,100.6,98.8,1.9,17.6,1.49,22.2,14.9,48.1,53.4,17,7.3,1000,104.6,11.1,1,1210,0
LeBron James,2012,MIA,46,0.696,F,37.5,27.1,0.531,0.362,0.771,7.9,6.2,1.9,0.8,3.4,30.8,108.3,98.1,10.2,31.8,1.82,19.5,10.7,55.4,60.5,31,14.5,625,101.7,19.1,1074,1210,0.887
Kevin Durant,2012,OKC,47,0.712,F,38.6,28,0.496,0.387,0.86,8,3.5,1.3,1.2,3.8,26.26,108.8,101.6,7.2,17,0.93,11.7,12.5,54.7,61,30.2,12.2,475,100,17.8,889,1210,0.734
Chris Paul,2012,LAC,40,0.606,G,36.4,19.8,0.478,0.371,0.861,3.6,9.1,2.5,0.1,2.1,27.09,111,103.5,7.6,41.3,4.38,32.3,7.4,52.2,58.1,23.6,12.7,430,100.8,18.6,385,1210,0.318
Kobe Bryant,2012,LAL,41,0.621,G,38.5,27.9,0.43,0.303,0.845,5.4,4.6,1.2,0.3,3.5,21.95,104.5,101.5,3,23.7,1.29,13.3,10.3,46.2,52.7,34.5,6.2,,99.7,30.4,352,1210,0.29
Tony Parker,2012,SAS,50,0.757,G,32.1,18.3,0.48,0.23,0.799,2.9,7.7,1,0.1,2.6,22.04,108.7,97.7,11.1,40.4,3.03,28.4,9.4,48.8,53.9,27.4,7.1,527,99,12.5,331,1210,0.273
Kevin Love,2012,MIN,26,0.393,F,39,26,0.448,0.372,0.824,13.3,2,0.9,0.5,2.3,25.41,105.1,104.5,0.7,9.8,0.87,7.4,8.5,49.2,56.8,28.1,10,364,90.4,13.6,58,1210,0.047
Dwight Howard,2012,ORL,37,0.56,C,38.3,20.6,0.573,0,0.491,14.5,1.9,1.5,2.1,3.2,24.29,104.4,99.9,4.5,9.8,0.59,8.2,13.9,57.3,56.9,25.8,7.7,,102.1,18.09,13,1210,0.01
Rajon Rondo,2012,BOS,39,0.59,G,36.9,11.9,0.448,0.238,0.597,4.8,11.7,1.8,0.1,3.6,17.55,102.3,97.3,4.9,49.8,3.21,42.3,13.2,45.6,48.3,20,4.9,,100,11,12,1210,0.009
Steve Nash,2012,PHO,33,0.5,G,31.6,12.5,0.532,0.39,0.894,3,10.7,0.6,0.1,3.7,20.29,107.8,103.2,4.6,49.1,2.9,44.2,15.2,58.1,62.5,19,5.9,,84.7,9.3,7,1210,0.005
Dwyane Wade,2012,MIA,46,0.696,G,33.2,22.1,0.497,0.268,0.791,4.8,4.6,1.7,1.3,2.6,26.37,107.6,97.3,10.3,25.1,1.74,17,9.8,50.6,55.9,30.4,7.7,625,101.7,18.6,6,1210,0.004
Derrick Rose,2012,CHI,50,0.757,G,35.3,21.8,0.435,0.312,0.812,3.4,7.9,0.9,0.7,3.1,23.1,108.9,98.5,10.4,37.9,2.58,25.1,9.7,47.3,53.2,29.5,6,800,105.9,17.6,5,1210,0.004
Dirk Nowitzki,2012,DAL,36,0.545,F,33.5,21.6,0.457,0.368,0.896,6.7,2.2,0.7,0.5,1.9,21.81,103.4,97.2,6.2,11.9,1.16,9.5,8.2,49.5,56.4,28.2,7.6,,105.9,20.9,4,1210,0.003
Russell Westbrook,2012,OKC,47,0.712,G,35.3,23.6,0.457,0.316,0.823,4.6,5.5,1.7,0.3,3.6,23,108.7,101,7.7,28.4,1.51,17.6,11.6,48.1,53.8,331.7,7.9,475,100,14.6,4,1210,0.003
Tim Duncan,2012,SAS,50,0.757,F,28.2,15.4,0.492,0,0.695,9,2.3,0.7,1.5,1.7,22.6,106.6,96.9,9.6,13.7,1.36,12.3,9.1,49.2,53.1,25.8,5.9,527,99,9.6,3,1210,0.002
Joe Johnson,2012,ATL,40,0.606,G,35.5,18.8,0.454,0.388,0.849,3.7,3.9,0.8,0.2,1.9,18.5,106,100.1,5.8,18.9,2,17.1,8.5,52.1,55.7,24.6,6.4,,91.2,19.7,1,1210,0
Derrick Rose,2011,CHI,62,0.756,,37.4,25,0.445,0.332,0.858,4.1,7.7,1,0.6,3.4,23.62,109,100.2,8.7,37.2,2.24,22.8,10.2,48.5,55,31.3,13.1,600,104.2,6.9,1182,1210,0.976
Dwight Howard,2011,ORL,52,0.634,,37.6,22.9,0.593,0,0.596,14.1,1.4,1.4,2.4,3.6,26.13,108.8,100,8.8,6.7,0.38,5.8,15.1,59.3,61.6,27.1,14.4,,102.6,18,643,1210,0.531
LeBron James,2011,MIA,58,0.707,,38.8,26.7,0.51,0.33,0.759,7.5,7,1.6,0.6,3.6,27.34,111.2,101.1,10.1,34.3,1.95,21.3,10.9,54.1,59.4,30,15.6,457,100.9,17.5,522,1210,0.431
Kobe Bryant,2011,LAL,57,0.695,,33.9,25.3,0.451,0.323,0.828,5.1,4.7,1.2,0.1,3,23.94,111.1,103.6,7.5,25.8,1.6,15.5,9.7,48.7,54.8,34.1,10.3,,99.7,25.2,428,1210,0.353
Kevin Durant,2011,OKC,55,0.67,,38.9,27.7,0.462,0.35,0.88,6.8,2.7,1.1,1,2.8,23.7,110.7,106.4,4.2,12.7,0.98,9.5,9.7,50.9,58.9,29.6,12,348,99.7,15.5,190,1210,0.157
Dirk Nowitzki,2011,DAL,57,0.695,,34.3,23,0.517,0.393,0.892,7,2.6,0.5,0.6,1.9,23.52,109.8,99.5,10.3,13.6,1.39,11.3,8.1,54.5,61.2,27.2,11.1,,104.7,19,113,1210,0.093
Dwyane Wade,2011,MIA,58,0.707,,37.1,25.5,0.5,0.306,0.758,6.4,4.6,1.5,1.1,3.1,25.65,112.3,101.8,10.5,22.3,1.46,15.4,10.6,52.3,58.1,30.7,12.8,457,100.9,15.6,24,1210,0.019
Manu Ginobili,2011,SAS,61,0.743,,30.3,17.4,0.433,0.349,0.871,3.7,4.9,1.5,0.4,2.2,21.78,110.6,99.9,10.7,24.9,2.26,22.5,9.9,50.9,58.1,24.5,9.9,418,98.6,14.1,20,1210,0.016
Amar'e Stoudemire,2011,NYK,42,0.512,,36.8,25.3,0.502,0.435,0.792,8.2,2.6,0.9,1.9,3.2,22.78,110.8,109.1,1.7,12.8,0.81,9.2,11.4,50.5,56.5,30.6,8,,99.8,18.2,9,1210,0.007
Blake Griffin,2011,LAC,32,0.39,,38,22.5,0.506,0.292,0.642,12.1,3.8,0.8,0.5,2.7,21.93,105.5,107.4,-1.9,18.4,1.4,14.1,10.1,50.8,54.9,26.9,9.8,,93.1,5.7,5,1210,0.004
Rajon Rondo,2011,BOS,56,0.682,,37.2,10.6,0.475,0.233,0.568,4.4,11.2,2.3,0.2,3.4,17.11,108.2,99.2,9.1,44.8,3.25,44.2,13.6,48.2,49.5,17.9,6.6,,100,10,5,1210,0.004
Tony Parker,2011,SAS,61,0.743,,32.4,17.5,0.519,0.357,0.769,3.1,6.6,1.2,0,2.6,20.44,108.1,101.9,6.2,34.5,2.57,26.8,10.4,53.1,56.9,24.9,8.2,418,98.6,12.5,3,1210,0.002
Chris Paul,2011,NOH,46,0.56,,36,15.9,0.463,0.388,0.878,4.1,9.8,2.4,0.1,2.2,23.76,107.3,103,4.3,44.1,4.42,38.3,8.7,50.2,57.8,20.5,13.9,285,86.1,16.3,2,1210,0.001
LeBron James,2010,CLE,61,0.743,,39,29.7,0.503,0.333,0.767,7.3,8.6,1.6,1,3.4,31.19,113.8,102.7,11.1,39.8,2.49,23.5,9.4,54.5,60.4,32.7,18.5,355,100,14.5,1205,1230,0.979
Kevin Durant,2010,OKC,50,0.609,,39.5,30.1,0.476,0.365,0.9,7.6,2.8,1.4,1,3.3,26.23,108.7,102.5,6.3,13,0.85,9.1,10.7,51.4,60.7,31,16.1,329,98.9,6,609,1230,0.495
Kobe Bryant,2010,LAL,57,0.695,,38.8,27,0.456,0.329,0.811,5.4,5,1.5,0.3,3.2,21.95,109.6,101.3,8.3,23,1.57,15.2,9.7,48.8,54.5,31.8,9.4,,99.7,24.8,599,1230,0.486
Dwight Howard,2010,ORL,59,0.719,,34.7,18.3,0.612,0,0.592,13.2,1.8,0.9,2.8,3.3,24.07,112,100.2,11.8,8.7,0.53,8.9,16.9,61.2,63,24,13.2,,100,16.6,478,1230,0.388
Dwyane Wade,2010,MIA,47,0.573,,36.3,26.6,0.476,0.3,0.761,4.8,6.5,1.8,1.1,3.3,28.1,109.9,103.5,6.4,33.4,1.99,19.5,9.8,50,56.2,33.6,13,,90.5,14.2,119,1230,0.096
Carmelo Anthony,2010,DEN,53,0.646,,38.2,28.2,0.458,0.316,0.83,6.6,3.2,1.3,0.4,3,22.29,111.4,105.6,5.8,15.9,1.06,10.1,9.5,47.8,54.8,32.6,7.9,,98.7,17.1,65,1230,0.052
Dirk Nowitzki,2010,DAL,55,0.67,,37.5,25,0.481,0.421,0.915,7.7,2.7,0.9,1,1.8,23.01,108.2,102.7,5.5,12.8,1.46,10.3,7.1,49.8,57.8,28.2,12.3,,104.1,17.2,55,1230,0.044
Steve Nash,2010,PHO,54,0.658,,32.8,16.5,0.507,0.426,0.938,3.3,11,0.5,0.1,3.6,21.67,115.8,109.1,6.7,48.3,3.02,39.6,13.1,57,61.5,22.2,9.9,,95.8,10.3,49,1230,0.039
Deron Williams,2010,UTA,53,0.646,,36.9,18.7,0.469,0.371,0.801,4,10.5,1.3,0.2,3.3,20.62,112.3,103.9,8.4,42.9,3.17,34.9,11,51.5,57.4,23.7,10.3,,97.3,14.9,7,1230,0.005
Amar'e Stoudemire,2010,PHO,54,0.658,,34.6,23.1,0.557,0.167,0.771,8.9,1,0.6,1,2.6,22.69,114.5,108.5,6.1,4.7,0.38,4.5,11.6,55.7,61.5,26.9,10.7,,95.8,16.4,5,1230,0.004
Manu Ginobili,2010,SAS,50,0.609,,28.7,16.5,0.441,0.377,0.87,3.8,4.9,1.4,0.3,2.1,22.54,110,101.7,8.4,27.3,2.4,23.6,9.8,51.4,58.4,24.5,9.7,,97.4,11.8,3,1230,0.002
Chauncey Billups,2010,DEN,53,0.646,,34.1,19.5,0.418,0.386,0.91,3.1,5.6,1.1,0.1,2.4,20.25,111.2,106.5,4.6,27,2.31,23.1,10.1,49.9,60.1,23.8,9.5,,93.9,13.1,1,1230,0
Chris Bosh,2010,TOR,40,0.487,,36.1,24,0.518,0.364,0.797,10.8,2.4,0.6,1,2.4,25.11,110.3,110.1,0.2,11.6,0.98,9.5,9.6,52.2,59.2,28.3,9.6,,90.4,14.5,1,1230,0
Stephen Jackson,2010,TOT,44,0.536,,38.6,20.6,0.423,0.328,0.779,5,3.7,1.6,0.5,3.2,15.69,105.2,102.8,2.4,17,1.16,13.9,12,46.9,51.8,27,5,,,8.4,1,1230,0
Joe Johnson,2010,ATL,53,0.646,,38,21.3,0.458,0.369,0.818,4.6,4.9,1.1,0.1,1.9,19.33,112.3,106.3,6,21.6,2.54,18.4,7.2,50.5,53.8,26.3,8.4,,88.3,16.3,1,1230,0
LeBron James,2009,CLE,61,0.743,,37.7,28.4,0.489,0.344,0.78,7.6,7.2,1.7,1.1,3,31.76,113.8,99.1,14.8,36.5,2.44,21.2,8.7,53,59.1,32.9,20.3,476,97.3,15.7,1172,1210,0.968
Kobe Bryant,2009,LAL,57,0.695,,36.1,26.8,0.467,0.351,0.856,5.2,4.9,1.5,0.5,2.6,24.46,114.1,102.9,11.2,23.2,1.9,15.6,8.2,50.2,56.1,31.6,12.7,,99.7,23,698,1210,0.576
Dwyane Wade,2009,MIA,47,0.573,,38.6,30.2,0.491,0.317,0.765,5,7.5,2.2,1.3,,30.46,108.7,105.2,3.5,37.7,2.17,20.1,9.3,51.6,57.4,35,,,93,15.7,680,1210,0.561
Dwight Howard,2009,ORL,59,0.719,,35.7,20.6,0.572,0,0.594,13.8,1.4,1,2.9,,25.44,109.9,99.8,10.2,7.2,0.47,6.6,14.1,57.2,60,25.7,13.8,,97.6,15.2,328,1210,0.271
Chris Paul,2009,NOH,37,0.451,,38.5,22.8,0.503,0.364,0.868,5.5,11,2.8,0.1,,30.04,110.8,104.3,6.5,51.2,3.73,33.4,9,52.8,59.9,27,,267,98.7,4.57,192,1210,0.158
Chauncey Billups,2009,TOT,54,0.658,,35.3,17.7,0.418,0.408,0.913,3,6.4,1.2,0.2,,18.85,111.4,105.9,5.5,28.7,2.86,27.3,9.6,50.1,59.2,21.5,10.1,,99.1,12.1,33,1210,0.027
Paul Pierce,2009,BOS,50,0.609,,37.5,20.5,0.457,0.391,0.83,5.6,3.6,1,0.3,2.8,17.74,109.5,100.6,8.9,16.1,1.29,15.1,11.7,50.8,58.2,25.1,10.3,,100,19.7,21,1210,0.017
Tony Parker,2009,SAS,50,0.609,,34.1,22,0.506,0.292,0.782,3.1,6.9,0.9,0.1,,23.47,110.3,103.3,7,37.1,2.67,23.6,8.8,51.3,55.6,31.1,8.6,,97.2,12.6,9,1210,0.007
Brandon Roy,2009,POR,50,0.609,,37.2,22.6,0.48,0.377,0.824,4.7,5.1,1.1,0.3,,24.08,114.2,104.9,9.3,24.3,2.63,19.1,7.3,51.2,57.3,27.1,,,102.7,3.9,7,1210,0.005
Dirk Nowitzki,2009,DAL,55,0.67,,37.7,25.9,0.479,0.359,0.89,8.4,2.4,0.8,0.8,,23.2,109.7,105.9,3.8,11.7,1.25,9,7.2,49.8,56.4,29.4,9.4,,104.4,18.07,3,1210,0.002
Tim Duncan,2009,SAS,50,0.609,,33.7,19.3,0.504,0,0.692,10.7,3.5,0.5,1.7,2.2,24.51,108.2,102.5,5.7,18.8,1.6,15.1,9.4,50.4,54.9,28.3,10.1,398,97.2,22.1,2,1210,0.001
Yao Ming,2009,HOU,42,0.512,,33.6,19.7,0.548,1,0.866,9.9,1.8,0.4,1.9,,22.74,108.5,99.1,9.4,9.6,0.59,8.7,14.8,54.9,61.8,25.7,10.6,,96.9,16.3,1,1210,0
Kobe Bryant,2008,LAL,65,0.792,,38.9,28.3,0.459,0.361,0.84,6.3,5.4,1.8,0.5,3.1,24.09,112.6,103.5,9.2,23.6,1.72,16.3,9.5,50.3,57.6,30.8,13.8,,98.5,21.2,1100,1260,0.873
Chris Paul,2008,NOH,49,0.597,,37.6,21.1,0.488,0.369,0.851,4,11.6,2.7,0.1,,28.39,113.1,105,8.1,50,4.6,35.8,4.6,52.4,57.6,25,17.8,,82.4,4.5,894,1260,0.709
Kevin Garnett,2008,BOS,62,0.756,,32.8,18.8,0.539,0,0.801,9.2,3.4,1.4,1.3,1.9,25.42,111.5,95.2,16.4,18.6,1.77,16,9,53.9,58.8,25.5,12.9,,100,24.7,670,1260,0.531
LeBron James,2008,CLE,66,0.804,,40.4,30,0.484,0.315,0.712,7.9,7.2,1.8,1.1,3.4,29.15,106.9,105,1.9,35.2,2.11,19.5,9.2,51.8,56.8,32.7,15.2,,99.5,14.4,438,1260,0.347
Dwight Howard,2008,ORL,59,0.719,,37.7,20.7,0.599,0,0.59,14.2,1.3,0.9,2.1,,22.61,112.1,104.7,7.4,5.9,0.42,6.3,15,59.9,61.9,23.8,12.9,,100.3,13.7,60,1260,0.047
Amar'e Stoudemire,2008,PHO,46,0.56,,33.9,25.2,0.59,0.161,0.805,9.1,1.5,0.8,2.1,,27.29,115.4,104.1,11.6,7.2,0.68,6.6,9.7,59.2,59.2,27.7,14.6,,96.8,15,27,1260,0.021
Tim Duncan,2008,SAS,54,0.658,,34,19.3,0.497,0,0.73,11.3,2.8,0.7,1.9,2.3,24.05,107.7,99.4,8.3,15.2,1.22,12.2,10,49.7,54.6,27.9,11.1,,100.3,20.5,25,1260,0.019
Tracy McGrady,2008,HOU,53,0.646,,37,21.6,0.419,0.292,0.684,5.1,5.9,1,0.5,2.4,18.6,105.6,100.3,5.3,29.4,2.42,19.2,7.9,45.2,48.7,29.9,5.8,,94.7,20.3,19,1260,0.015
Steve Nash,2008,PHO,46,0.56,,34.3,16.9,0.504,0.47,0.906,3.5,11.1,0.7,0.1,2.4,21.04,115.8,106.4,9.4,44.7,3.04,44.7,13.2,59.7,64.1,21.2,10.5,,96.8,12.2,18,1260,0.014
Manu Ginobili,2008,SAS,54,0.658,,31.1,19.5,0.46,0.401,0.86,4.8,4.5,1.5,0.4,,24.07,106,97.3,8.7,25.7,1.66,19.5,11.7,54,61.2,27.7,11.1,,100.3,9.9,9,1260,0.007
Dirk Nowitzki,2008,DAL,50,0.609,,36,23.6,0.479,0.359,0.879,8.6,3.5,0.7,0.9,2.1,24.78,112,103,9,17.1,1.66,13.5,8.1,51,58.5,28.2,12.9,,100,18,5,1260,0.003
Deron Williams,2008,UTA,48,0.585,,37.3,18.8,0.507,0.395,0.803,3,10.5,1.1,0.3,,20.75,112.7,105.6,7.1,42.7,3.09,35.4,11.5,54.4,59.5,22.8,11.3,,100,5,4,1260,0.003
Carmelo Anthony,2008,DEN,54,0.658,,36.4,25.7,0.492,0.354,0.786,7.4,3.4,1.3,0.5,,21.29,108.9,106.1,2.8,15.6,1.02,11.6,11.3,51.1,56.8,29.5,8.2,,99.1,14.4,3,1260,0.002
Carlos Boozer,2008,UTA,48,0.585,,34.9,21.1,0.547,0,0.738,10.4,2.9,1.2,0.5,,21.83,113.3,105.4,7.8,13.5,1.11,12.2,11,54.7,58.1,26.2,10.2,,100,11.5,1,1260,0
Antawn Jamison,2008,WAS,19,0.231,,38.7,21.4,0.436,0.339,0.76,10.2,1.5,1.3,0.4,,20.19,109.5,106.3,3.2,7,1.06,6.5,6.1,47.8,52.5,25.2,9.2,,,9.9,1,1260,0
Paul Pierce,2008,BOS,62,0.756,,35.9,19.6,0.464,0.392,0.843,5.1,4.5,1.3,0.5,2.8,19.85,111,96.9,14.1,21,1.64,19.2,11.7,52.9,59.9,24.4,12.4,,100,18,1,1260,0
Rasheed Wallace,2008,DET,39,0.475,,30.5,12.7,0.432,0.356,0.767,6.6,1.8,1.2,1.7,1.1,17.13,110.4,99.6,10.8,9.5,1.59,11.8,7.4,49.7,52.3,20.7,7.6,,100,13.9,1,1260,0
Dirk Nowitzki,2007,DAL,51,0.621,,36.2,24.6,0.502,0.416,0.904,8.9,3.4,0.7,0.8,2.1,27.7,113.3,101.4,12,16.9,1.57,13.2,8.4,52.9,60.5,28.2,16.3,,,,1138,1290,0.882
Steve Nash,2007,PHO,55,0.67,,35.3,18.6,0.532,0.455,0.899,3.5,11.6,0.8,0.1,4.4,23.87,116.1,105,11.1,46.8,3.08,39.7,12.9,61.3,65.4,22.2,12.6,,96.8,11.3,1013,1290,0.785
Kobe Bryant,2007,LAL,57,0.695,,40.8,31.6,0.463,0.344,0.868,5.7,5.4,1.4,0.5,3.3,26.13,107.9,106.4,1.5,24.9,1.62,15,9.3,50.2,58,32.8,13,,98.5,19.4,521,1290,0.403
Tim Duncan,2007,SAS,56,0.682,,34.1,20,0.546,0.111,0.637,10.6,3.4,0.8,2.4,2.8,26.2,110.6,95.9,14.7,18.2,1.22,14.5,11.9,54.7,57.9,27.7,13,,100.8,19,286,1290,0.221
LeBron James,2007,CLE,45,0.548,,40.9,27.3,0.476,0.319,0.698,6.7,6,1.6,0.7,3.2,24.56,105.3,99.6,5.7,28.1,1.88,17.9,9.5,50.7,55.2,30.2,13.7,,99.4,13,183,1290,0.141
Tracy McGrady,2007,HOU,55,0.67,,35.8,24.6,0.431,0.331,0.707,5.3,6.5,1.3,0.5,3,23.28,106.7,99,7.8,35.3,2.15,19.4,9,47.4,51.5,34,8.6,,89.4,18.2,110,1290,0.085
Chris Bosh,2007,TOR,41,0.5,,38.5,22.6,0.496,0.343,0.785,10.7,2.5,0.6,1.3,,22.72,107.3,103.3,4,11.5,0.98,10.2,10.5,50.2,57.7,26.6,9.6,,92.2,13,43,1290,0.033
Gilbert Arenas,2007,WAS,43,0.524,,39.8,28.4,0.418,0.351,0.844,4.6,6,1.9,0.2,,24.07,111,107.9,3.2,25.7,1.88,17.6,9.4,48.4,56.5,30.1,10.8,,,11.9,31,1290,0.024
Carlos Boozer,2007,UTA,54,0.658,,34.6,20.9,0.561,,0.685,11.7,3,0.9,0.3,,24.11,108.8,105.7,3.1,15.8,1.14,12.8,11.2,56.1,58.8,26.1,9.9,,98.3,11.5,7,1290,0.005
Kevin Garnett,2007,MIN,22,0.268,,39.4,22.4,0.476,0.214,0.835,12.8,4.1,1.2,1.7,2.7,24.2,104,103.9,0.1,19,1.53,15.1,9.9,48,54.6,27.1,10.7,,84.2,23.7,7,1290,0.005
Chauncey Billups,2007,DET,59,0.719,,36.2,17,0.427,0.345,0.883,3.4,7.2,1.2,0.2,,21.38,110.2,102.5,7.8,32.1,3.59,30.7,8.6,49.4,59.1,21.1,11.4,,100,6.3,4,1290,0.003
Shaquille O'Neal,2007,MIA,15,0.182,,28.4,17.3,0.591,,0.422,7.4,2,0.2,1.4,2.4,21.85,104.2,100.7,3.5,13.8,0.83,10.1,12.1,59.1,56.7,29.8,2.8,,100.6,21,3,1290,0.002
Dwyane Wade,2007,MIA,15,0.182,,37.9,27.4,0.491,0.266,0.807,4.7,7.5,2.1,1.2,,29.04,105.8,103.6,2.2,37.8,1.78,21.4,12,50.2,58.3,33.2,8.8,,100.6,13,3,1290,0.002
Amar'e Stoudemire,2007,PHO,55,0.67,,32.8,20.4,0.575,0,0.781,9.6,1,1,1.3,,23.15,113.4,104.8,8.6,4.9,0.36,5.2,14.4,57.5,63.7,25.1,,,96.8,13.7,2,1290,0.001
Carmelo Anthony,2007,DEN,50,0.609,,38.2,28.9,0.476,0.268,0.808,6,3.8,1.2,0.4,,22.2,108.4,106.6,1.8,18.3,1.06,11.5,10.8,48.9,55.2,32.7,7.3,,97.5,13,1,1290,0
Baron Davis,2007,GSW,48,0.585,,35.3,20.1,0.439,0.304,0.745,4.4,8.1,2.1,0.5,,21.02,108.9,103.6,5.2,35.6,2.64,27.1,10.3,48,53,26.2,6.4,,92.4,16.4,1,1290,0
Tony Parker,2007,SAS,56,0.682,,32.5,18.6,0.52,0.395,0.783,3.2,5.5,1.1,0.1,,21.46,108.3,97.7,10.6,30.7,2.2,22.6,10.3,52.7,57.2,27,9.6,,100.8,10.5,1,1290,0
Steve Nash,2006,PHO,61,0.743,,35.4,18.8,0.512,0.439,0.921,4.2,10.5,0.8,0.2,3.4,23.29,111.8,103.7,8.1,43.5,2.99,36.5,12.2,58.3,63.2,22.6,12.4,,93.6,10.5,924,1250,0.739
LeBron James,2006,CLE,50,0.609,,42.5,31.4,0.48,0.335,0.738,7,6.6,1.6,0.8,3.3,28.17,108,104,4,31.5,2,17.7,8.9,51.5,56.8,32.9,16.3,,94,5.8,688,1250,0.55
Dirk Nowitzki,2006,DAL,67,0.817,,38.1,26.6,0.48,0.406,0.901,9,2.8,0.7,1,1.9,28.2,111.5,102.8,8.7,14.2,1.45,10.3,7.1,51.5,58.9,29.3,17.7,,,15.1,544,1250,0.435
Kobe Bryant,2006,LAL,42,0.512,,41,35.4,0.45,0.347,0.85,5.3,4.5,1.8,0.4,3.1,28.11,109.5,104.7,4.9,22.8,1.44,11.5,8,49.1,55.9,37.7,15.3,,97.9,17.7,483,1250,0.386
Chauncey Billups,2006,DET,53,0.646,,36.1,18.5,0.418,0.433,0.894,3.1,8.6,0.9,0.1,,23.43,111,100.1,10.9,39.2,4.11,33.5,8.1,50.9,60.2,22.5,15.5,,100,6.3,430,1250,0.344
Dwyane Wade,2006,MIA,44,0.536,,38.6,27.2,0.495,0.171,0.783,5.7,6.7,1.9,0.8,,27.68,110.2,101.7,8.5,31.2,1.88,19.8,10.5,49.9,57.7,31.7,14.4,,101.8,3.8,87,1250,0.069
Elton Brand,2006,LAC,40,0.487,,39.2,24.7,0.527,0.333,0.775,10,2.6,1,2.5,2.2,26.67,104.6,101.5,3.1,12.7,1.2,10.1,8.4,52.7,58,27.1,14.8,,,14.2,50,1250,0.04
Tim Duncan,2006,SAS,58,0.707,,34.8,18.6,0.484,0.4,0.629,11,3.2,0.9,2,2.5,23.13,106.1,96.2,9.9,16.2,1.28,13.5,10.6,48.5,52.3,27.3,10.8,,101.6,17.4,33,1250,0.026
Tony Parker,2006,SAS,58,0.707,,33.9,18.9,0.548,0.306,0.707,3.3,5.8,1,0.1,,20.89,107.3,96.9,10.5,31.1,1.85,23,12.5,55.3,58.4,26.5,9.6,,101.6,9.4,9,1250,0.007
Allen Iverson,2006,PHI,35,0.426,,43.1,33,0.447,0.323,0.814,3.2,7.4,1.9,0.1,3.6,26.02,106.4,106.2,0.3,33.1,2.15,17.9,8.3,46.1,54.3,35,10.6,,80.8,17.1,1,1250,0
Shawn Marion,2006,PHO,61,0.743,,40.3,21.8,0.525,0.331,0.809,11.8,1.8,2,1.7,,23.66,109.6,103.4,6.1,6.8,1.14,8.1,7.1,56,59.1,21.7,14.6,,93.6,15,1,1250,0
Steve Nash,2005,PHO,54,0.658,,34.3,15.5,0.502,0.431,0.887,3.3,11.5,1,0.1,4.7,22.04,118,105.2,12.8,46,3.51,41.8,11.9,55.7,60.6,20,10.9,,93.1,9.6,1066,1270,0.839
Shaquille O'Neal,2005,MIA,52,0.634,,34.1,22.9,0.601,,0.461,10.4,2.7,0.5,2.3,2.8,27.03,111.5,101,10.5,14.9,0.99,10.9,11.1,60.1,58.3,30,11,,101.4,20,1032,1270,0.812
Dirk Nowitzki,2005,DAL,60,0.731,,38.7,26.1,0.459,0.399,0.869,9.7,3.1,1.2,1.5,2.3,26.14,111,101.3,9.7,13.8,1.36,11,8.1,49,57.8,28.3,15.6,,,12.58,349,1270,0.274
Tim Duncan,2005,SAS,63,0.768,,33.4,20.3,0.496,0.333,0.67,11.1,2.7,0.7,2.6,1.9,27.12,109,92.5,16.5,15.1,1.41,11.5,8.2,49.8,54,28.8,11.2,,99,15.8,328,1270,0.258
Allen Iverson,2005,PHI,38,0.463,,42.3,30.7,0.424,0.308,0.835,4,7.9,2.4,0.1,4.6,23.27,103.2,102.9,0.3,36.1,1.73,19.2,11.1,45.3,53.2,34.3,9,,87.4,16.4,240,1270,0.188
LeBron James,2005,CLE,50,0.609,,42.4,27.2,0.472,0.351,0.75,7.4,7.2,2.2,0.7,3.3,25.74,106,103.8,2.2,32.4,2.2,20.7,9.4,50.4,55.4,29.2,14.3,,93,4.6,93,1270,0.073
Tracy McGrady,2005,HOU,34,0.414,,40.8,25.7,0.431,0.326,0.774,6.2,5.7,1.7,0.7,2.6,22.97,105.4,100.7,4.8,27.6,2.23,17.5,7.9,47.3,52.6,30.4,12,,87.5,15.6,44,1270,0.034
Dwyane Wade,2005,MIA,52,0.634,,38.6,24.1,0.478,0.289,0.762,5.2,6.8,1.6,1.1,,23.2,109.5,102.7,6.8,30.3,1.62,20.8,12.9,48.3,56.1,30.2,11,,101.4,3,43,1270,0.033
Amar'e Stoudemire,2005,PHO,54,0.658,,36.1,26,0.559,0.188,0.733,8.9,1.6,1,1.6,,26.71,115.5,104.8,10.6,7.5,0.69,6.5,9.4,56,61.7,28.1,14.6,,93.1,4.2,41,1270,0.032
Ray Allen,2005,SEA,35,0.426,,39.3,23.9,0.428,0.376,0.883,4.4,3.7,1.1,0.1,2.2,20.97,111.3,106.8,4.4,17.6,1.69,13.6,8,49.8,55.5,27,10.7,,96.5,13.2,41,1270,0.032
Kevin Garnett,2005,MIN,33,0.402,,38.1,22.2,0.502,0.24,0.811,13.5,5.7,1.5,1.4,2.7,28.29,106.7,104.2,2.5,26.4,2.1,20.3,9.7,50.4,56.7,26.7,16.1,,90.4,18,15,1270,0.011
Gilbert Arenas,2005,WAS,42,0.512,,40.9,25.5,0.431,0.365,0.814,4.7,5.1,1.7,0.3,,21.23,106.6,105.4,1.2,22.4,1.7,16.8,9.9,49.8,56.5,26.5,11.5,,,10.2,4,1270,0.003
Vince Carter,2005,TOT,,0,,36.7,24.5,0.452,0.406,0.798,5.2,4.2,1.4,0.6,2.6,22.92,101.9,100.9,1,23.4,1.95,14.6,7.5,49.3,54.1,30.4,9.4,,,13.8,3,1270,0.002
P.J. Brown,2005,NOH,38,0.463,,34.4,10.8,0.446,,0.864,9,2.2,0.9,0.6,,15.53,98.7,106.3,-7.6,10.9,1.76,15.5,8.8,44.6,51.2,15.6,6.9,,82.7,8,1,1270,0
Marcus Camby,2005,DEN,44,0.536,,30.5,10.3,0.465,0,0.723,10,2.3,0.9,3,,18.05,104,101.4,2.7,11.9,1.48,16.2,11,46.5,50.5,17.3,5.8,,,9.4,1,1270,0
Shawn Marion,2005,PHO,54,0.658,,38.8,19.4,0.476,0.334,0.833,11.3,1.9,2,1.5,,21.71,114.7,104.7,10,7.2,1.23,9.2,7.4,52,55.6,20.7,12.5,,93.1,13.7,1,1270,0
Kevin Garnett,2004,MIN,44,0.536,,39.4,24.2,0.499,0.256,0.791,13.9,5,1.5,2.2,2.6,29.5,106.1,96.2,9.8,23.3,1.93,16.7,8.7,50.2,54.7,29,18.3,,92.8,28,1219,1230,0.991
Tim Duncan,2004,SAS,59,0.719,,36.6,22.3,0.501,0.167,0.599,12.4,3.1,0.9,2.7,2.7,27.14,101,89.6,11.4,17,1.16,11.6,9.9,50.2,53.4,29.5,13.1,,97.5,12.67,716,1230,0.582
Jermaine O'Neal,2004,IND,44,0.536,,35.7,20.1,0.434,0.111,0.757,10,2.1,0.8,2.6,,21.2,103.3,94.9,8.5,11.9,0.91,8.4,9.2,43.5,48.9,29.8,9,,90.2,13.15,523,1230,0.425
Peja Stojakovic,2004,SAC,50,0.609,,40.3,24.2,0.48,0.433,0.927,6.3,2.1,1.3,0.2,1.9,21.76,109.4,102.7,6.8,9,1.13,9.2,8.1,56.6,62.4,23.4,13.5,,100,6.8,281,1230,0.228
Kobe Bryant,2004,LAL,34,0.414,,37.6,24,0.438,0.327,0.852,5.5,5.1,1.7,0.4,2.6,23.67,105.6,99.6,6,23.7,1.93,17.3,9,46.8,55.1,28,10.7,,98.4,13.5,212,1230,0.172
Shaquille O'Neal,2004,LAL,34,0.414,,36.8,21.5,0.584,,0.49,11.5,2.9,0.5,2.5,2.9,24.48,107.2,97.8,9.4,14,1.01,12,11.9,58.4,57.8,25.8,9.9,,98.4,29.4,178,1230,0.144
Ben Wallace,2004,DET,54,0.658,,37.7,9.5,0.421,0.125,0.49,12.4,1.7,1.8,3,1.5,17.49,99.8,92.8,7.2,7.5,1.12,12.1,10.8,42.2,44.1,14.9,10.2,,96.4,6,24,1230,0.019
Jason Kidd,2004,NJN,42,0.512,,36.6,15.5,0.384,0.321,0.827,6.4,9.2,1.8,0.2,3.2,19.7,101.3,93.6,7.6,42.2,2.89,32.7,11.3,43.3,48.5,23.5,7.2,,,13.15,17,1230,0.013
LeBron James,2004,CLE,42,0.512,,39.5,20.9,0.417,0.29,0.754,5.5,5.9,1.6,0.7,3.5,18.3,101.1,103.1,-1.9,26.8,1.7,19.2,11.3,43.8,48.8,27.6,5.1,,88.9,4.01,11,1230,0.008
Sam Cassell,2004,UTA,26,0.317,,37.1,16.5,0.443,0.338,0.79,8.1,3.1,1.9,2.8,,22.84,106.7,96.7,10.1,35.4,2.69,26.7,9.9,51.7,56.6,26.3,11.6,,,5.06,2,1230,0.001
Baron Davis,2004,NOH,18,0.219,,40.1,22.9,0.395,0.321,0.673,4.3,7.5,2.4,0.4,,20.74,102.3,98.5,3.8,36.3,2.33,22.1,9.5,46.2,49.2,29.5,7.5,,,10.96,4,1230,0.003
Dirk Nowitzki,2004,HOU,51,0.621,,32.8,17.5,0.522,0,0.809,9,1.5,0.3,1.9,1.8,22.56,111.9,105.1,6.8,11,1.53,11.3,7.4,50,56.1,24.2,11.4,,,11.32,1,1230,0
Andrei Kirilenko,2004,MIN,44,0.536,,35,19.8,0.488,0.398,0.873,3.3,7.3,1.3,0.2,,22.79,102,100,2,15.2,1.13,15.2,13.4,47.9,55.9,21.4,12.1,,,1.6,4,1230,0.003
Carmelo Anthony,2004,DAL,58,0.707,,37.9,21.8,0.462,0.341,0.877,8.7,2.7,1.2,1.4,,17.58,103.3,102.2,1.1,13.4,0.92,10.4,11.3,44.9,50.9,28.1,11.5,,,3.22,4,1230,0.003
Yao Ming,2004,DEN,49,0.597,,36.5,21,0.426,0.322,0.777,6.1,2.8,1.2,0.5,,21.96,100,95.8,4.3,9,0.6,7.9,13.2,52.2,58.6,24.7,6.1,,,4.14,1,1230,0
Michael Redd,2004,MIL,30,0.365,,36.8,21.7,0.44,0.35,0.868,5,2.3,1,0.1,,19.87,103.3,104.5,-1.2,11.2,1.59,9.6,6,48.4,54.4,25.3,9.7,,,3,1,1230,0
Tim Duncan,2003,SAS,57,0.695,,39.3,23.3,0.513,0.273,0.71,12.9,3.9,0.7,2.9,3.1,26.46,105.5,95.9,9.6,19.1,1.27,14.1,11.1,51.5,56.4,27.6,16.5,,,13.2,962,1190,0.808
Kevin Garnett,2003,MIN,58,0.707,,40.5,23,0.502,0.282,0.751,13.4,6,1.4,1.6,2.8,26.46,106.4,100.2,6.2,24.9,2.16,20.5,9.5,50.8,55.3,25.8,15.6,,,28,871,1190,0.731
Kobe Bryant,2003,LAL,56,0.682,,41.5,30,0.451,0.383,0.843,6.9,5.9,2.2,0.8,3.5,27.07,106.2,102.4,3.8,26.8,1.67,16.1,9.6,48.3,55,32.3,14.9,,,12.37,496,1190,0.416
Tracy McGrady,2003,ORL,21,0.256,,39.4,32.1,0.457,0.386,0.793,6.5,5.5,1.7,0.8,2.6,31.01,107.7,104.1,3.7,28.2,2.11,15,7.1,50.5,56.4,34.6,16.1,,,13.2,427,1190,0.358
Shaquille O'Neal,2003,LAL,56,0.682,,37.8,27.5,0.574,,0.622,11.1,3.1,0.6,2.4,2.9,29.43,110,103,6.9,15,1.05,10.7,10.2,57.4,60.2,29.9,13.2,,,26.5,126,1190,0.105
Allen Iverson,2003,PHI,33,0.402,,42.5,27.6,0.414,0.277,0.774,4.2,5.5,2.7,0.2,3.5,22.14,103.2,100.3,2.9,24.8,1.59,15.1,9.5,43.6,50,32.3,9.2,,,12.37,83,1190,0.069
Dirk Nowitzki,2003,DAL,52,0.634,,39,25.1,0.463,0.379,0.881,9.9,3,1.4,1,1.9,25.94,111.9,99,12.9,12.9,1.57,11.3,7.2,51.3,58.1,26.9,16.1,,,10.06,43,1190,0.036
Ben Wallace,2003,DET,54,0.658,,39.4,6.9,0.481,0.167,0.45,15.4,1.6,1.4,3.2,1.2,15.62,100.5,96.3,4.2,6.9,1.36,16.4,12,48.2,48.6,10.1,10.6,,,5.5,33,1190,0.027
Jason Kidd,2003,NJN,47,0.573,,37.4,18.7,0.414,0.341,0.841,6.3,8.9,2.2,0.3,3.7,22.62,104.5,96.3,8.1,40.7,2.4,29.6,12.3,46.5,52.6,24.8,11.3,,,10.9,31,1190,0.026
Chris Webber,2003,SAC,55,0.67,,39.1,23,0.461,0.238,0.607,10.5,5.4,1.6,1.3,3.2,21.48,105.1,97.5,7.7,23.8,1.69,16.8,9.9,46.3,48.5,30,6.9,,,15.9,19,1190,0.015
Jamal Mashburn,2003,NOH,41,0.5,,40.5,21.6,0.422,0.389,0.848,6.1,5.6,1,0.2,2.8,18.93,102.8,100.3,2.5,25.9,2.01,19,9.5,46,50.7,26.4,9,,,8.5,1,1190,0
Steve Nash,2003,DAL,52,0.634,,33.1,17.7,0.465,0.413,0.909,2.9,7.3,1,0.1,2.6,23.51,110.8,100.8,10,35.1,3.11,29.4,9.4,51.5,57.6,23.6,11.6,,,5.7,1,1190,0
Paul Pierce,2003,BOS,36,0.439,,39.2,25.9,0.416,0.302,0.802,7.3,4.4,3.6,0.8,4.4,23.49,101.6,99.4,2.2,23.6,1.21,13.8,11.4,45.4,53.2,32.1,10.1,,,10.06,1,1190,0